image_name,tags
1,Bengali Hindi
2,Bengali Hindi
3,Bengali Hindi
4,Bengali Hindi
5,Bengali Hindi
6,Bengali Hindi
7,Bengali Hindi
8,Bengali Hindi
9,Bengali Hindi
10,Bengali Hindi
11,Bengali Hindi
12,Bengali Hindi
13,Bengali Hindi
14,Bengali Hindi
15,Bengali Hindi
16,Bengali Hindi
17,Bengali Hindi
18,Bengali Hindi
19,Bengali Hindi
20,Bengali Hindi
21,Bengali Hindi
22,Bengali Hindi
23,Bengali Hindi
24,Bengali Hindi
25,Bengali Hindi
26,Bengali Hindi
27,Bengali Hindi
28,Bengali Hindi
29,Bengali Hindi
30,Bengali Hindi
31,Bengali Hindi
32,Bengali Hindi
33,Bengali Hindi
34,Bengali Hindi
35,Bengali Hindi
36,Bengali Hindi
37,Bengali Hindi
38,Bengali Hindi
39,Bengali Hindi
40,Bengali Hindi
41,Bengali Hindi
42,Bengali Hindi
43,Bengali Hindi
44,Bengali Hindi
45,Bengali Hindi
46,Bengali Hindi
47,Bengali Hindi
48,Bengali Hindi
49,Bengali Hindi
50,Bengali Hindi
51,Bengali Hindi
52,Bengali Hindi
53,Bengali Hindi
54,Bengali Hindi
55,Bengali Hindi
56,Bengali Hindi
57,Bengali Hindi
58,Bengali Hindi
59,Bengali Hindi
60,Bengali Hindi
61,Bengali Hindi
62,Bengali Hindi
63,Bengali Hindi
64,Bengali Hindi
65,Bengali Hindi
66,Bengali Hindi
67,Bengali Hindi
68,Bengali Hindi
69,Bengali Hindi
70,Bengali Hindi
71,Bengali Hindi
72,Bengali Hindi
73,Bengali Hindi
74,Bengali Hindi
75,Bengali Hindi
76,Bengali Hindi
77,Bengali Hindi
78,Bengali Hindi
79,Bengali Hindi
80,Bengali Hindi
81,Bengali Hindi
82,Bengali Hindi
83,Bengali Hindi
84,Bengali Hindi
85,Bengali Hindi
86,Bengali Hindi
87,Bengali Hindi
88,Bengali Hindi
89,Bengali Hindi
90,Bengali Hindi
91,Bengali Hindi
92,Bengali Hindi
93,Bengali Hindi
94,Bengali Hindi
95,Bengali Hindi
96,Bengali Hindi
97,Bengali Hindi
98,Bengali Hindi
99,Bengali Hindi
100,Bengali Hindi
101,Bengali Hindi
102,Bengali Hindi
103,Bengali Hindi
104,Bengali Hindi
105,Bengali Hindi
106,Bengali Hindi
107,Bengali Hindi
108,Bengali Hindi
109,Bengali Hindi
110,Bengali Hindi
111,Bengali Hindi
112,Bengali Hindi
113,Bengali Hindi
114,Bengali Hindi
115,Bengali Hindi
116,Bengali Hindi
117,Bengali Hindi
118,Bengali Hindi
119,Bengali Hindi
120,Bengali Hindi
121,Bengali Hindi
122,Bengali Hindi
123,Bengali Hindi
124,Bengali Hindi
125,Bengali Hindi
126,Bengali Hindi
127,Bengali Hindi
128,Bengali Hindi
129,Bengali Hindi
130,Bengali Hindi
131,Bengali Hindi
132,Bengali Hindi
133,Bengali Hindi
134,Bengali Hindi
135,Bengali Hindi
136,Bengali Hindi
137,Bengali Hindi
138,Bengali Hindi
139,Bengali Hindi
140,Bengali Hindi
141,Bengali Hindi
142,Bengali Hindi
143,Bengali Hindi
144,Bengali Hindi
145,Bengali Hindi
146,Bengali Hindi
147,Bengali Hindi
148,Bengali Hindi
149,Bengali Hindi
150,Bengali Hindi
151,Bengali Hindi
152,Bengali Hindi
153,Bengali Hindi
154,Bengali Hindi
155,Bengali Hindi
156,Bengali Hindi
157,Bengali Hindi
158,Bengali Hindi
159,Bengali Hindi
160,Bengali Hindi
161,Bengali Hindi
162,Bengali Hindi
163,Bengali Hindi
164,Bengali Hindi
165,Bengali Hindi
166,Bengali Hindi
167,Bengali Hindi
168,Bengali Hindi
169,Bengali Hindi
170,Bengali Hindi
171,Bengali Hindi
172,Bengali Hindi
173,Bengali Hindi
174,Bengali Hindi
175,Bengali Hindi
176,Bengali Hindi
177,Bengali Hindi
178,Bengali Hindi
179,Bengali Hindi
180,Bengali Hindi
181,Bengali Hindi
182,Bengali Hindi
183,Bengali Hindi
184,Bengali Hindi
185,Bengali Hindi
186,Bengali Hindi
187,Bengali Hindi
188,Bengali Hindi
189,Bengali Hindi
190,Bengali Hindi
191,Bengali Hindi
192,Bengali Hindi
193,Bengali Hindi
194,Bengali Hindi
195,Bengali Hindi
196,Bengali Hindi
197,Bengali Hindi
198,Bengali Hindi
199,Bengali Hindi
200,Bengali Hindi
201,Bengali Hindi
202,Bengali Hindi
203,Bengali Hindi
204,Bengali Hindi
205,Bengali Hindi
206,Bengali Hindi
207,Bengali Hindi
208,Bengali Hindi
209,Bengali Hindi
210,Bengali Hindi
211,Bengali Hindi
212,Bengali Hindi
213,Bengali Hindi
214,Bengali Hindi
215,Bengali Hindi
216,Bengali Hindi
217,Bengali Hindi
218,Bengali Hindi
219,Bengali Hindi
220,Bengali Hindi
221,Bengali Hindi
222,Bengali Hindi
223,Bengali Hindi
224,Bengali Hindi
225,Bengali Hindi
226,Bengali Hindi
227,Bengali Hindi
228,Bengali Hindi
229,Bengali Hindi
230,Bengali Hindi
231,Bengali Hindi
232,Bengali Hindi
233,Bengali Hindi
234,Bengali Hindi
235,Bengali Hindi
236,Bengali Hindi
237,Bengali Hindi
238,Bengali Hindi
239,Bengali Hindi
240,Bengali Hindi
241,Bengali Hindi
242,Bengali Hindi
243,Bengali Hindi
244,Bengali Hindi
245,Bengali Hindi
246,Bengali Hindi
247,Bengali Hindi
248,Bengali Hindi
249,Bengali Hindi
250,Bengali Hindi
251,Bengali Hindi
252,Bengali Hindi
253,Bengali Hindi
254,Bengali Hindi
255,Bengali Hindi
256,Bengali Hindi
257,Bengali Hindi
258,Bengali Hindi
259,Bengali Hindi
260,Bengali Hindi
261,Bengali Hindi
262,Bengali Hindi
263,Bengali Hindi
264,Bengali Hindi
265,Bengali Hindi
266,Bengali Hindi
267,Bengali Hindi
268,Bengali Hindi
269,Bengali Hindi
270,Bengali Hindi
271,Bengali Hindi
272,Bengali Hindi
273,Bengali Hindi
274,Bengali Hindi
275,Bengali Hindi
276,Bengali Hindi
277,Bengali Hindi
278,Bengali Hindi
279,Bengali Hindi
280,Bengali Hindi
281,Bengali Hindi
282,Bengali Hindi
283,Bengali Hindi
284,Bengali Hindi
285,Bengali Hindi
286,Bengali Hindi
287,Bengali Hindi
288,Bengali Hindi
289,Bengali Hindi
290,Bengali Hindi
291,Bengali Hindi
292,Bengali Hindi
293,Bengali Hindi
294,Bengali Hindi
295,Bengali Hindi
296,Bengali Hindi
297,Bengali Hindi
298,Bengali Hindi
299,Bengali Hindi
300,Bengali Hindi
301,Bengali Hindi
302,Bengali Hindi
303,Bengali Hindi
304,Bengali Hindi
305,Bengali Hindi
306,Bengali Hindi
307,Bengali Hindi
308,Bengali Hindi
309,Bengali Hindi
310,Bengali Hindi
311,Bengali Hindi
312,Bengali Hindi
313,Bengali Hindi
314,Bengali Hindi
315,Bengali Hindi
316,Bengali Hindi
317,Bengali Hindi
318,Bengali Hindi
319,Bengali Hindi
320,Bengali Hindi
321,Bengali Hindi
322,Bengali Hindi
323,Bengali Hindi
324,Bengali Hindi
325,Bengali Hindi
326,Bengali Hindi
327,Bengali Hindi
328,Bengali Hindi
329,Bengali Hindi
330,Bengali Hindi
331,Bengali Hindi
332,Bengali Hindi
333,Bengali Hindi
334,Bengali Hindi
335,Bengali Hindi
336,Bengali Hindi
337,Bengali Hindi
338,Bengali Hindi
339,Bengali Hindi
340,Bengali Hindi
341,Bengali Hindi
342,Bengali Hindi
343,Bengali Hindi
344,Bengali Hindi
345,Bengali Hindi
346,Bengali Hindi
347,Bengali Hindi
348,Bengali Hindi
349,Bengali Hindi
350,Bengali Hindi
351,Bengali Hindi
352,Bengali Hindi
353,Bengali Hindi
354,Bengali Hindi
355,Bengali Hindi
356,Bengali Hindi
357,Bengali Hindi
358,Bengali Hindi
359,Bengali Hindi
360,Bengali Hindi
361,Bengali Hindi
362,Bengali Hindi
363,Bengali Hindi
364,Bengali Hindi
365,Bengali Hindi
366,Bengali Hindi
367,Bengali Hindi
368,Bengali Hindi
369,Bengali Hindi
370,Bengali Hindi
371,Bengali Hindi
372,Bengali Hindi
373,Bengali Hindi
374,Bengali Hindi
375,Bengali Hindi
376,Bengali Hindi
377,Bengali Hindi
378,Bengali Hindi
379,Bengali Hindi
380,Bengali Hindi
381,Bengali Hindi
382,Bengali Hindi
383,Bengali Hindi
384,Bengali Hindi
385,Bengali Hindi
386,Bengali Hindi
387,Bengali Hindi
388,Bengali Hindi
389,Bengali Hindi
390,Bengali Hindi
391,Bengali Hindi
392,Bengali Hindi
393,Bengali Hindi
394,Bengali Hindi
395,Bengali Hindi
396,Bengali Hindi
397,Bengali Hindi
398,Bengali Hindi
399,Bengali Hindi
ek190,English Kannada
ek191,English Kannada
ek192,English Kannada
ek193,English Kannada
ek194,English Kannada
ek195,English Kannada
ek196,English Kannada
ek197,English Kannada
ek198,English Kannada
ek199,English Kannada
ek19,English Kannada
ek1,English Kannada
ek200,English Kannada
ek201,English Kannada
ek202,English Kannada
ek203,English Kannada
ek204,English Kannada
ek205,English Kannada
ek206,English Kannada
ek207,English Kannada
ek208,English Kannada
ek209,English Kannada
ek20,English Kannada
ek210,English Kannada
ek211,English Kannada
ek212,English Kannada
ek213,English Kannada
ek214,English Kannada
ek215,English Kannada
ek216,English Kannada
ek217,English Kannada
ek218,English Kannada
ek219,English Kannada
ek21,English Kannada
ek220,English Kannada
ek221,English Kannada
ek222,English Kannada
ek223,English Kannada
ek224,English Kannada
ek225,English Kannada
ek226,English Kannada
ek227,English Kannada
ek228,English Kannada
ek229,English Kannada
ek22,English Kannada
ek230,English Kannada
ek231,English Kannada
ek232,English Kannada
ek233,English Kannada
ek234,English Kannada
ek235,English Kannada
ek236,English Kannada
ek237,English Kannada
ek238,English Kannada
ek239,English Kannada
ek23,English Kannada
ek240,English Kannada
ek241,English Kannada
ek242,English Kannada
ek243,English Kannada
ek244,English Kannada
ek245,English Kannada
ek246,English Kannada
ek247,English Kannada
ek248,English Kannada
ek249,English Kannada
ek24,English Kannada
ek250,English Kannada
ek251,English Kannada
ek252,English Kannada
ek253,English Kannada
ek254,English Kannada
ek255,English Kannada
ek256,English Kannada
ek257,English Kannada
ek258,English Kannada
ek259,English Kannada
ek25,English Kannada
ek260,English Kannada
ek261,English Kannada
ek262,English Kannada
ek263,English Kannada
ek264,English Kannada
ek265,English Kannada
ek266,English Kannada
ek267,English Kannada
ek268,English Kannada
ek269,English Kannada
ek26,English Kannada
ek270,English Kannada
ek271,English Kannada
ek272,English Kannada
ek273,English Kannada
ek274,English Kannada
ek275,English Kannada
ek276,English Kannada
ek277,English Kannada
ek278,English Kannada
ek279,English Kannada
ek27,English Kannada
ek280,English Kannada
ek281,English Kannada
ek282,English Kannada
ek283,English Kannada
ek284,English Kannada
ek285,English Kannada
ek286,English Kannada
ek287,English Kannada
ek288,English Kannada
ek289,English Kannada
ek28,English Kannada
ek290,English Kannada
ek291,English Kannada
ek292,English Kannada
ek293,English Kannada
ek294,English Kannada
ek295,English Kannada
ek296,English Kannada
ek297,English Kannada
ek298,English Kannada
ek299,English Kannada
ek29,English Kannada
ek2,English Kannada
ek300,English Kannada
ek301,English Kannada
ek302,English Kannada
ek303,English Kannada
ek304,English Kannada
ek305,English Kannada
ek306,English Kannada
ek307,English Kannada
ek308,English Kannada
ek309,English Kannada
ek30,English Kannada
ek310,English Kannada
ek311,English Kannada
ek312,English Kannada
ek313,English Kannada
ek314,English Kannada
ek315,English Kannada
ek316,English Kannada
ek317,English Kannada
ek318,English Kannada
ek319,English Kannada
ek31,English Kannada
ek320,English Kannada
ek321,English Kannada
ek322,English Kannada
ek323,English Kannada
ek324,English Kannada
ek325,English Kannada
ek326,English Kannada
ek327,English Kannada
ek328,English Kannada
ek329,English Kannada
ek32,English Kannada
ek330,English Kannada
ek331,English Kannada
ek332,English Kannada
ek333,English Kannada
ek334,English Kannada
ek335,English Kannada
ek336,English Kannada
ek337,English Kannada
ek338,English Kannada
ek339,English Kannada
ek33,English Kannada
ek340,English Kannada
ek341,English Kannada
ek342,English Kannada
ek343,English Kannada
ek344,English Kannada
ek345,English Kannada
ek346,English Kannada
ek347,English Kannada
ek348,English Kannada
ek349,English Kannada
ek34,English Kannada
ek350,English Kannada
ek351,English Kannada
ek352,English Kannada
ek353,English Kannada
ek354,English Kannada
ek355,English Kannada
ek356,English Kannada
ek357,English Kannada
ek358,English Kannada
ek359,English Kannada
ek35,English Kannada
ek360,English Kannada
ek361,English Kannada
ek362,English Kannada
ek363,English Kannada
ek364,English Kannada
ek365,English Kannada
ek366,English Kannada
ek367,English Kannada
ek368,English Kannada
ek369,English Kannada
ek36,English Kannada
ek370,English Kannada
ek371,English Kannada
ek372,English Kannada
ek373,English Kannada
ek374,English Kannada
ek375,English Kannada
ek376,English Kannada
ek377,English Kannada
ek378,English Kannada
ek379,English Kannada
ek37,English Kannada
ek380,English Kannada
ek381,English Kannada
ek382,English Kannada
ek383,English Kannada
ek384,English Kannada
ek385,English Kannada
ek386,English Kannada
ek387,English Kannada
ek388,English Kannada
ek389,English Kannada
ek38,English Kannada
ek390,English Kannada
ek391,English Kannada
ek392,English Kannada
ek393,English Kannada
ek394,English Kannada
ek395,English Kannada
ek396,English Kannada
ek397,English Kannada
ek398,English Kannada
ek399,English Kannada
ek39,English Kannada
ek3,English Kannada
ek400,English Kannada
ek401,English Kannada
ek402,English Kannada
ek403,English Kannada
ek404,English Kannada
ek405,English Kannada
ek406,English Kannada
ek407,English Kannada
ek408,English Kannada
ek409,English Kannada
ek40,English Kannada
ek410,English Kannada
ek411,English Kannada
ek412,English Kannada
ek413,English Kannada
ek414,English Kannada
ek415,English Kannada
ek416,English Kannada
ek417,English Kannada
ek418,English Kannada
ek419,English Kannada
ek41,English Kannada
ek420,English Kannada
ek421,English Kannada
ek422,English Kannada
ek423,English Kannada
ek424,English Kannada
ek425,English Kannada
ek426,English Kannada
ek427,English Kannada
ek428,English Kannada
ek429,English Kannada
ek42,English Kannada
ek430,English Kannada
ek431,English Kannada
ek432,English Kannada
ek433,English Kannada
ek434,English Kannada
ek435,English Kannada
ek436,English Kannada
ek437,English Kannada
ek438,English Kannada
ek439,English Kannada
ek43,English Kannada
ek440,English Kannada
ek441,English Kannada
ek442,English Kannada
ek443,English Kannada
ek444,English Kannada
ek445,English Kannada
ek446,English Kannada
ek447,English Kannada
ek448,English Kannada
ek449,English Kannada
ek44,English Kannada
ek450,English Kannada
ek451,English Kannada
ek452,English Kannada
ek453,English Kannada
ek454,English Kannada
ek455,English Kannada
ek456,English Kannada
ek457,English Kannada
ek458,English Kannada
ek459,English Kannada
ek45,English Kannada
ek460,English Kannada
ek461,English Kannada
ek462,English Kannada
ek463,English Kannada
ek464,English Kannada
ek465,English Kannada
ek466,English Kannada
ek467,English Kannada
ek468,English Kannada
ek469,English Kannada
ek46,English Kannada
ek470,English Kannada
ek471,English Kannada
ek472,English Kannada
ek473,English Kannada
ek474,English Kannada
ek475,English Kannada
ek476,English Kannada
ek477,English Kannada
ek478,English Kannada
ek479,English Kannada
ek47,English Kannada
ek480,English Kannada
ek481,English Kannada
ek482,English Kannada
ek483,English Kannada
ek484,English Kannada
ek485,English Kannada
ek48,English Kannada
ek49,English Kannada
ek4,English Kannada
ek50,English Kannada
ek51,English Kannada
ek52,English Kannada
ek53,English Kannada
ek54,English Kannada
ek55,English Kannada
ek56,English Kannada
ek57,English Kannada
ek58,English Kannada
ek59,English Kannada
ek5,English Kannada
ek60,English Kannada
ek61,English Kannada
ek62,English Kannada
ek63,English Kannada
ek64,English Kannada
ek65,English Kannada
ek66,English Kannada
ek67,English Kannada
ek68,English Kannada
ek69,English Kannada
ek6,English Kannada
ek70,English Kannada
ek71,English Kannada
ek72,English Kannada
ek73,English Kannada
ek74,English Kannada
ek75,English Kannada
ek76,English Kannada
ek77,English Kannada
ek78,English Kannada
ek79,English Kannada
ek7,English Kannada
ek80,English Kannada
ek81,English Kannada
ek82,English Kannada
ek83,English Kannada
ek84,English Kannada
ek85,English Kannada
ek86,English Kannada
ek87,English Kannada
ek88,English Kannada
ek89,English Kannada
ek8,English Kannada
ek90,English Kannada
ek91,English Kannada
ek92,English Kannada
ek93,English Kannada
ek94,English Kannada
ek95,English Kannada
ek96,English Kannada
ek97,English Kannada
ek98,English Kannada
ek99,English Kannada
ek9,English Kannada
em100,English Malayalam
em101,English Malayalam
em102,English Malayalam
em103,English Malayalam
em104,English Malayalam
em105,English Malayalam
em106,English Malayalam
em107,English Malayalam
em108,English Malayalam
em109,English Malayalam
em10,English Malayalam
em110,English Malayalam
em111,English Malayalam
em112,English Malayalam
em113,English Malayalam
em114,English Malayalam
em115,English Malayalam
em116,English Malayalam
em117,English Malayalam
em118,English Malayalam
em119,English Malayalam
em11,English Malayalam
em120,English Malayalam
em121,English Malayalam
em122,English Malayalam
em123,English Malayalam
em124,English Malayalam
em125,English Malayalam
em126,English Malayalam
em127,English Malayalam
em128,English Malayalam
em129,English Malayalam
em12,English Malayalam
em130,English Malayalam
em131,English Malayalam
em132,English Malayalam
em133,English Malayalam
em134,English Malayalam
em135,English Malayalam
em136,English Malayalam
em137,English Malayalam
em138,English Malayalam
em139,English Malayalam
em13,English Malayalam
em140,English Malayalam
em141,English Malayalam
em142,English Malayalam
em143,English Malayalam
em144,English Malayalam
em145,English Malayalam
em146,English Malayalam
em147,English Malayalam
em148,English Malayalam
em149,English Malayalam
em14,English Malayalam
em150,English Malayalam
em151,English Malayalam
em152,English Malayalam
em153,English Malayalam
em154,English Malayalam
em155,English Malayalam
em156,English Malayalam
em157,English Malayalam
em158,English Malayalam
em159,English Malayalam
em15,English Malayalam
em160,English Malayalam
em161,English Malayalam
em162,English Malayalam
em163,English Malayalam
em164,English Malayalam
em165,English Malayalam
em166,English Malayalam
em167,English Malayalam
em168,English Malayalam
em169,English Malayalam
em16,English Malayalam
em170,English Malayalam
em171,English Malayalam
em172,English Malayalam
em173,English Malayalam
em174,English Malayalam
em175,English Malayalam
em176,English Malayalam
em177,English Malayalam
em178,English Malayalam
em179,English Malayalam
em17,English Malayalam
em180,English Malayalam
em181,English Malayalam
em182,English Malayalam
em183,English Malayalam
em184,English Malayalam
em185,English Malayalam
em186,English Malayalam
em187,English Malayalam
em188,English Malayalam
em189,English Malayalam
em18,English Malayalam
em190,English Malayalam
em191,English Malayalam
em192,English Malayalam
em193,English Malayalam
em194,English Malayalam
em195,English Malayalam
em196,English Malayalam
em197,English Malayalam
em198,English Malayalam
em199,English Malayalam
em19,English Malayalam
em1,English Malayalam
em200,English Malayalam
em201,English Malayalam
em202,English Malayalam
em203,English Malayalam
em204,English Malayalam
em205,English Malayalam
em206,English Malayalam
em207,English Malayalam
em208,English Malayalam
em209,English Malayalam
em20,English Malayalam
em210,English Malayalam
em211,English Malayalam
em212,English Malayalam
em213,English Malayalam
em214,English Malayalam
em215,English Malayalam
em216,English Malayalam
em217,English Malayalam
em218,English Malayalam
em219,English Malayalam
em21,English Malayalam
em220,English Malayalam
em221,English Malayalam
em222,English Malayalam
em223,English Malayalam
em224,English Malayalam
em225,English Malayalam
em226,English Malayalam
em227,English Malayalam
em228,English Malayalam
em229,English Malayalam
em22,English Malayalam
em230,English Malayalam
em231,English Malayalam
em232,English Malayalam
em233,English Malayalam
em234,English Malayalam
em235,English Malayalam
em236,English Malayalam
em237,English Malayalam
em238,English Malayalam
em239,English Malayalam
em23,English Malayalam
em240,English Malayalam
em241,English Malayalam
em242,English Malayalam
em243,English Malayalam
em244,English Malayalam
em245,English Malayalam
em246,English Malayalam
em247,English Malayalam
em248,English Malayalam
em249,English Malayalam
em24,English Malayalam
em250,English Malayalam
em251,English Malayalam
em252,English Malayalam
em253,English Malayalam
em254,English Malayalam
em255,English Malayalam
em256,English Malayalam
em257,English Malayalam
em258,English Malayalam
em259,English Malayalam
em25,English Malayalam
em260,English Malayalam
em261,English Malayalam
em262,English Malayalam
em263,English Malayalam
em264,English Malayalam
em265,English Malayalam
em266,English Malayalam
em267,English Malayalam
em268,English Malayalam
em269,English Malayalam
em26,English Malayalam
em270,English Malayalam
em271,English Malayalam
em272,English Malayalam
em273,English Malayalam
em274,English Malayalam
em275,English Malayalam
em276,English Malayalam
em277,English Malayalam
em278,English Malayalam
em279,English Malayalam
em27,English Malayalam
em280,English Malayalam
em281,English Malayalam
em282,English Malayalam
em283,English Malayalam
em284,English Malayalam
em285,English Malayalam
em286,English Malayalam
em287,English Malayalam
em288,English Malayalam
em289,English Malayalam
em28,English Malayalam
em290,English Malayalam
em291,English Malayalam
em292,English Malayalam
em293,English Malayalam
em294,English Malayalam
em295,English Malayalam
em296,English Malayalam
em297,English Malayalam
em298,English Malayalam
em299,English Malayalam
em29,English Malayalam
em2,English Malayalam
em300,English Malayalam
em301,English Malayalam
em302,English Malayalam
em303,English Malayalam
em304,English Malayalam
em305,English Malayalam
em306,English Malayalam
em307,English Malayalam
em308,English Malayalam
em309,English Malayalam
em30,English Malayalam
em310,English Malayalam
em311,English Malayalam
em312,English Malayalam
em313,English Malayalam
em314,English Malayalam
em315,English Malayalam
em316,English Malayalam
em317,English Malayalam
em318,English Malayalam
em319,English Malayalam
em31,English Malayalam
em320,English Malayalam
em321,English Malayalam
em322,English Malayalam
em323,English Malayalam
em324,English Malayalam
em325,English Malayalam
em326,English Malayalam
em327,English Malayalam
em328,English Malayalam
em329,English Malayalam
em32,English Malayalam
em330,English Malayalam
em331,English Malayalam
em332,English Malayalam
em333,English Malayalam
em334,English Malayalam
em335,English Malayalam
em336,English Malayalam
em337,English Malayalam
em338,English Malayalam
em339,English Malayalam
em33,English Malayalam
em340,English Malayalam
em341,English Malayalam
em342,English Malayalam
em343,English Malayalam
em344,English Malayalam
em345,English Malayalam
em346,English Malayalam
em347,English Malayalam
em348,English Malayalam
em349,English Malayalam
em34,English Malayalam
em350,English Malayalam
em351,English Malayalam
em352,English Malayalam
em353,English Malayalam
em354,English Malayalam
em355,English Malayalam
em356,English Malayalam
em357,English Malayalam
em358,English Malayalam
em359,English Malayalam
em35,English Malayalam
em360,English Malayalam
em361,English Malayalam
em362,English Malayalam
em363,English Malayalam
em364,English Malayalam
em365,English Malayalam
em366,English Malayalam
em367,English Malayalam
em368,English Malayalam
em369,English Malayalam
em36,English Malayalam
em370,English Malayalam
em371,English Malayalam
em372,English Malayalam
em373,English Malayalam
em374,English Malayalam
em375,English Malayalam
em376,English Malayalam
em377,English Malayalam
em378,English Malayalam
em379,English Malayalam
em37,English Malayalam
em380,English Malayalam
em381,English Malayalam
em382,English Malayalam
em383,English Malayalam
em384,English Malayalam
em385,English Malayalam
em386,English Malayalam
em387,English Malayalam
em388,English Malayalam
em389,English Malayalam
em38,English Malayalam
em390,English Malayalam
em391,English Malayalam
em392,English Malayalam
em393,English Malayalam
em394,English Malayalam
em395,English Malayalam
em396,English Malayalam
em397,English Malayalam
em398,English Malayalam
em399,English Malayalam
em39,English Malayalam
em3,English Malayalam
400,Bengali Hindi
401,Bengali Hindi
402,Bengali Hindi
403,Bengali Hindi
404,Bengali Hindi
405,Bengali Hindi
406,Bengali Hindi
407,Bengali Hindi
408,Bengali Hindi
409,Bengali Hindi
410,Bengali Hindi
411,Bengali Hindi
412,Bengali Hindi
413,Bengali Hindi
414,Bengali Hindi
415,Bengali Hindi
416,Bengali Hindi
417,Bengali Hindi
418,Bengali Hindi
419,Bengali Hindi
420,Bengali Hindi
421,Bengali Hindi
422,Bengali Hindi
423,Bengali Hindi
424,Bengali Hindi
425,Bengali Hindi
426,Bengali Hindi
427,Bengali Hindi
428,Bengali Hindi
429,Bengali Hindi
430,Bengali Hindi
431,Bengali Hindi
432,Bengali Hindi
433,Bengali Hindi
434,Bengali Hindi
435,Bengali Hindi
436,Bengali Hindi
437,Bengali Hindi
438,Bengali Hindi
439,Bengali Hindi
440,Bengali Hindi
441,Bengali Hindi
442,Bengali Hindi
443,Bengali Hindi
444,Bengali Hindi
445,Bengali Hindi
446,Bengali Hindi
447,Bengali Hindi
448,Bengali Hindi
449,Bengali Hindi
450,Bengali Hindi
451,Bengali Hindi
452,Bengali Hindi
453,Bengali Hindi
454,Bengali Hindi
455,Bengali Hindi
456,Bengali Hindi
457,Bengali Hindi
458,Bengali Hindi
459,Bengali Hindi
460,Bengali Hindi
461,Bengali Hindi
462,Bengali Hindi
463,Bengali Hindi
464,Bengali Hindi
465,Bengali Hindi
466,Bengali Hindi
467,Bengali Hindi
468,Bengali Hindi
469,Bengali Hindi
470,Bengali Hindi
471,Bengali Hindi
472,Bengali Hindi
473,Bengali Hindi
474,Bengali Hindi
475,Bengali Hindi
476,Bengali Hindi
477,Bengali Hindi
478,Bengali Hindi
479,Bengali Hindi
480,Bengali Hindi
481,Bengali Hindi
482,Bengali Hindi
483,Bengali Hindi
484,Bengali Hindi
485,Bengali Hindi
486,Bengali Hindi
487,Bengali Hindi
488,Bengali Hindi
489,Bengali Hindi
490,Bengali Hindi
491,Bengali Hindi
492,Bengali Hindi
493,Bengali Hindi
494,Bengali Hindi
495,Bengali Hindi
496,Bengali Hindi
497,Bengali Hindi
498,Bengali Hindi
499,Bengali Hindi
500,Bengali Hindi
ek100,English Kannada
ek101,English Kannada
ek102,English Kannada
ek103,English Kannada
ek104,English Kannada
ek105,English Kannada
ek106,English Kannada
ek107,English Kannada
ek108,English Kannada
ek109,English Kannada
ek10,English Kannada
ek110,English Kannada
ek111,English Kannada
ek112,English Kannada
ek113,English Kannada
ek114,English Kannada
ek115,English Kannada
ek116,English Kannada
ek117,English Kannada
ek118,English Kannada
ek119,English Kannada
ek11,English Kannada
ek120,English Kannada
ek121,English Kannada
ek122,English Kannada
ek123,English Kannada
ek124,English Kannada
ek125,English Kannada
ek126,English Kannada
ek127,English Kannada
ek128,English Kannada
ek129,English Kannada
ek12,English Kannada
ek130,English Kannada
ek131,English Kannada
ek132,English Kannada
ek133,English Kannada
ek134,English Kannada
ek135,English Kannada
ek136,English Kannada
ek137,English Kannada
ek138,English Kannada
ek139,English Kannada
ek13,English Kannada
ek140,English Kannada
ek141,English Kannada
ek142,English Kannada
ek143,English Kannada
ek144,English Kannada
ek145,English Kannada
ek146,English Kannada
ek147,English Kannada
ek148,English Kannada
ek149,English Kannada
ek14,English Kannada
ek150,English Kannada
ek151,English Kannada
ek152,English Kannada
ek153,English Kannada
ek154,English Kannada
ek155,English Kannada
ek156,English Kannada
ek157,English Kannada
ek158,English Kannada
ek159,English Kannada
ek15,English Kannada
ek160,English Kannada
ek161,English Kannada
ek162,English Kannada
ek163,English Kannada
ek164,English Kannada
ek165,English Kannada
ek166,English Kannada
ek167,English Kannada
ek168,English Kannada
ek169,English Kannada
ek16,English Kannada
ek170,English Kannada
ek171,English Kannada
ek172,English Kannada
ek173,English Kannada
ek174,English Kannada
ek175,English Kannada
ek176,English Kannada
ek177,English Kannada
ek178,English Kannada
ek179,English Kannada
ek17,English Kannada
ek180,English Kannada
ek181,English Kannada
ek182,English Kannada
ek183,English Kannada
ek184,English Kannada
ek185,English Kannada
ek186,English Kannada
ek187,English Kannada
ek188,English Kannada
ek189,English Kannada
ek18,English Kannada
em400,English Malayalam
em40,English Malayalam
em41,English Malayalam
em42,English Malayalam
em43,English Malayalam
em44,English Malayalam
em45,English Malayalam
em46,English Malayalam
em47,English Malayalam
em48,English Malayalam
em49,English Malayalam
em4,English Malayalam
em50,English Malayalam
em51,English Malayalam
em52,English Malayalam
em53,English Malayalam
em54,English Malayalam
em55,English Malayalam
em56,English Malayalam
em57,English Malayalam
em58,English Malayalam
em59,English Malayalam
em5,English Malayalam
em60,English Malayalam
em61,English Malayalam
em62,English Malayalam
em63,English Malayalam
em64,English Malayalam
em65,English Malayalam
em66,English Malayalam
em67,English Malayalam
em68,English Malayalam
em69,English Malayalam
em6,English Malayalam
em70,English Malayalam
em71,English Malayalam
em72,English Malayalam
em73,English Malayalam
em74,English Malayalam
em75,English Malayalam
em76,English Malayalam
em77,English Malayalam
em78,English Malayalam
em79,English Malayalam
em7,English Malayalam
em80,English Malayalam
em81,English Malayalam
em82,English Malayalam
em83,English Malayalam
em84,English Malayalam
em85,English Malayalam
em86,English Malayalam
em87,English Malayalam
em88,English Malayalam
em89,English Malayalam
em8,English Malayalam
em90,English Malayalam
em91,English Malayalam
em92,English Malayalam
em93,English Malayalam
em94,English Malayalam
em95,English Malayalam
em96,English Malayalam
em97,English Malayalam
em98,English Malayalam
em99,English Malayalam
em9,English Malayalam
